"","meanImp","medianImp","minImp","maxImp","normHits","decision"
"GMHI_good",0.166429333131684,0.193367625692877,0,0.281866183088076,0.616161616161616,"Tentative"
"GMHI_bad",0.0569259006182483,0.0758784566731247,0,0.116202772870582,0.595959595959596,"Tentative"
"Frac_of_core_functions_among_all",0.279780395261969,0.335446793117281,0,0.335446793117281,0.787878787878788,"Confirmed"
"Frac_of_core_functions_found",0.271735788552752,0.29419614398064,0,0.584951298746844,0.838383838383838,"Confirmed"
"Species_found_together",0,0,0,0,0,"Rejected"
"Func_contributions_per_species",0.0806272488511982,0.101110980536077,0,0.272964060675078,0.595959595959596,"Tentative"
