"","meanImp","medianImp","minImp","maxImp","normHits","decision"
"GMHI_good",0.0212415628175943,0.0206875137330656,0.00452177129885773,0.0374661779939995,0,"Rejected"
"GMHI_bad",0.0519569733522282,0.0461406555163297,0.0117548281086992,0.144030060903671,0.012987012987013,"Rejected"
"Frac_of_core_functions_among_all",0.126211408846067,0.125706857892671,0.0362093014084612,0.21142264386968,0.324675324675325,"Rejected"
"Frac_of_core_functions_found",0.126987556966846,0.124515196193203,0.0515412547698654,0.194597833676657,0.25974025974026,"Rejected"
"Species_found_together",0.121967613051665,0.124021832162909,0.02315626149566,0.260067063751714,0.285714285714286,"Rejected"
"Func_contributions_per_species",0.109427520280621,0.105077502556749,0.0105516884921543,0.219041642945548,0.142857142857143,"Rejected"
