"","meanImp","medianImp","minImp","maxImp","normHits","decision"
"GMHI_good",0.0138326482315302,0.00710021916505642,0.00148188794184152,0.0357852950649378,0,"Rejected"
"GMHI_bad",0.255138036434028,0.253551603569584,0.160221427929375,0.328411589328579,0.969230769230769,"Confirmed"
"Frac_of_core_functions_among_all",0.118735313033201,0.113398987208252,0.032549522210108,0.211495344208395,0.307692307692308,"Rejected"
"Frac_of_core_functions_found",0.0474389221365671,0.0500414848498251,0.0135563669667088,0.0873546601285222,0,"Rejected"
"Species_found_together",0.0763560968040568,0.0783982072665049,0.0444318666230071,0.112204453259968,0.0153846153846154,"Rejected"
"Func_contributions_per_species",0.100291749242648,0.0996986925154269,0.0377068277863069,0.169899341829053,0.169230769230769,"Rejected"
